infinitive,tu,usted,ustedes,vosotros,nosotros
abandonar,abandona,abandone,abandonen,abandonad,abandonemos
abordar,aborda,aborde,aborden,abordad,abordemos
abortar,aborta,aborte,aborten,abortad,abortemos
abrazar,abraza,abrace,abracen,abrazad,abracemos
abrir,abre,abra,abran,abrid,abramos
aburrir,aburre,aburra,aburran,aburrid,aburramos
aburrirse,abúrrete,abúrrase,abúrranse,aburríos,aburrámonos
abusar,abusa,abuse,abusen,abusad,abusemos
acabar,acaba,acabe,acaben,acabad,acabemos
acampar,acampa,acampe,acampen,acampad,acampemos
aceptar,acepta,acepte,acepten,aceptad,aceptemos
acercar,acerca,acerque,acerquen,acercad,acercquemos
acercarse,acércate,acérquese,acérquense,acercaos,acercquemos
acompañar,acompaña,acompañe,acompañen,acompañad,acompañemos
aconsejar,aconseja,aconseje,aconsejen,aconsejad,aconsejemos
acontecer,acontece,acontezca,acontezcan,aconteced,acontezcamos
acordar,acuerda,acuerde,acuerden,acordad,acordemos
acordarse,acuérdate,acuérdese,acuérdense,acordaos,acordémonos
acortar,acorta,acorte,acorten,acortad,acortemos
acostar,acuesta,acueste,acuesten,acostad,acostemos
acostarse,acuéstate,acuéstese,acuéstense,acostaos,acostémonos
acostumbrar,acostumbra,acostumbre,acostumbren,acostumbrad,acostumbremos
acostumbrarse,acostúmbrate,acostúmbrese,acostúmbrense,acostumbraos,acostumbrémonos
actuar,actúa,actúe,actúen,actuad,actuemos
adivinar,adivina,adivine,adivinen,adivinad,adivenemos
admirar,admira,admire,admiren,admirad,admiremos
admitir,admite,admita,admitan,admitid,admitamos
adorar,adora,adore,adoren,adorad,adoremos
adornar,adorna,adorne,adornen,adornad,adornemos
advertir,advierte,advierta,adviertan,advertid,advirtamos
afeitar,afeita,afeite,afeiten,afeitad,afeitemos
afeitarse,aféitate,aféitese,aféitense,afeitaos,afeitémonos
afirmar,afirma,afirme,afirmen,afirmad,afirmemos
afligir,aflige,aflija,aflijan,afligid,aflijamos
agorar,agüera,agüere,agüeren,agorad,agoremos
agradar,agrada,agrade,agraden,agradad,agrademos
agradecer,agradece,agradezca,agradezcan,agradeced,agradezcamos
aguantar,aguanta,aguante,aguanten,aguantad,aguantemos
ahorcar,ahorca,ahorque,ahorquen,ahorcad,ahorquemos
ahorrar,ahorra,ahorre,ahorren,ahorrad,ahorremos
alcanzar,alcanza,alcance,alcancen,alcanzad,alcancemos
alegrar,alegra,alegre,alegren,alegrad,alegremos
alegrarse,alégrate,alégrese,alégrense,alegraos,alegrémonos
alentar,alienta,aliente,alienten,alentad,
aliviar,alivia,alivie,alivien,aliviad,
almorzar,almuerza,almuerce,almuercen,almorzad,
alquilar,alquila,alquile,alquilen,alquilad,
amanecer,amanece,amanezca,amanezcan,amaneced,
amar,ama,ame,amen,amad,
amenazar,amenaza,amenace,amenacen,amenazad,
andar,anda,ande,anden,andad,
anhelar,anhela,anhele,anhelen,anhelad,
anunciar,anuncia,anuncie,anuncien,anunciad,
añadir,añade,añada,añadan,añadid,
apagar,apaga,apague,apaguen,apagad,
aparecer,aparece,aparezca,aparezcan,apareced,
aplaudir,aplaude,aplauda,aplaudan,aplaudid,
aplicar,aplica,aplique,apliquen,aplicad,
apostar,apuesta,apueste,apuesten,apostad,
apoyar,apoya,apoye,apoyen,apoyad,
apreciar,aprecia,aprecie,aprecien,apreciad,
aprender,aprende,aprenda,aprendan,aprended,
apretar,aprieta,apriete,aprieten,apretad,
aprobar,aprueba,apruebe,aprueben,aprobad,
arreglar,arregla,arregle,arreglen,arreglad,
arrepentirse,arrepiéntete,arrepiéntase,arrepiéntanse,arrepentíos,
arrojar,arroja,arroje,arrojen,arrojad,
asistir,asiste,asista,asistan,asistid,
asociar,asocia,asocie,asocien,asociad,
aspirar,aspira,aspire,aspiren,aspirad,
asustar,asusta,asuste,asusten,asustad,
asustarse,asústate,asústese,asústense,asustaos,
atacar,ataca,ataque,ataquen,atacad,
atender,atiende,atienda,atiendan,atended,
atraer,atrae,atraiga,atraigan,atraed,
atravesar,atraviesa,atraviese,atraviesen,atravesad,
atreverse,atrévete,atrévase,atrévanse,atreveos,
aumentar,aumenta,aumente,aumenten,aumentad,
burlarse,búrlate,búrlese,búrlense,burlaos,
avanzar,avanza,avance,avancen,avanzad,
averiguar,averigua,averigüe,averigüen,averiguad,
avisar,avisa,avise,avisen,avisad,
ayudar,ayuda,ayude,ayuden,ayudad,
bajar,baja,baje,bajen,bajad,
bañar,baña,bañe,bañen,bañad,
bañarse,báñate,báñese,báñense,bañaos,
barrer,barre,barra,barran,barred,
castigar,castiga,castigue,castiguen,castigad,
batir,bate,bata,batan,batid,
bautizar,bautiza,bautice,bauticen,bautizad,
beber,bebe,beba,beban,bebed,
bendecir,bendice,bendiga,bendigan,bendecid,
bordar,borda,borde,borden,bordad,
borrar,borra,borre,borren,borrad,
brillar,brilla,brille,brillen,brillad,
brindar,brinda,brinde,brinden,brindad,
broncearse,broncéate,broncéese,broncéense,bronceaos,
bucear,bucea,bucee,buceen,bucead,
burlar,burla,burle,burlen,burlad,
buscar,busca,busque,busquen,buscad,
caber,cabe,quepa,quepan,cabed,
caer,cae,caiga,caigan,caed,
calcular,calcula,calcule,calculen,calculad,
calentar,calienta,caliente,calienten,calentad,
calentarse,caliéntate,caliéntese,caliéntense,calentaos,
callar,calla,calle,callen,callad,
callarse,cállate,cállese,cállense,callaos,
calmar,calma,calme,calmen,calmad,
calmarse,cálmate,cálmese,cálmense,calmaos,
caminar,camina,camine,caminen,caminad,
cancelar,cancela,cancele,cancelen,cancelad,
cansar,cansa,canse,cansen,cansad,
cansarse,cánsate,cánsese,cánsense,cansaos,
caracterizar,caracteriza,caracterice,caractericen,caracterizad,
cargar,carga,cargue,carguen,cargad,
casar,casa,case,casen,casad,
casarse,cásate,cásese,cásense,casaos,
causar,causa,cause,causen,causad,
cazar,caza,cace,cacen,cazad,
celebrar,celebra,celebre,celebren,celebrad,
cenar,cena,cene,cenen,cenad,
censurar,censura,censure,censuren,censurad,
cepillar,cepilla,cepille,cepillen,cepillad,
cerrar,cierra,cierre,cierren,cerrad,
cesar,cesa,cese,cesen,cesad,
charlar,charla,charle,charlen,charlad,
chismear,chismea,chismee,chismeen,chismead,
chocar,choca,choque,choquen,chocad,
civilizar,civiliza,civilice,civilicen,civilizad,
clarificar,clarifica,clarifique,clarifiquen,clarificad,
clasificar,clasifica,clasifique,clasifiquen,clasificad,
cobrar,cobra,cobre,cobren,cobrad,
cocinar,cocina,cocine,cocinen,cocinad,
coger,coge,coja,cojan,coged,
colgar,cuelga,cuelgue,cuelguen,colgad,
colocar,coloca,coloque,coloquen,colocad,
colonizar,coloniza,colonice,colonicen,colonizad,
combatir,combate,combata,combatan,combatid,
comenzar,comienza,comience,comiencen,comenzad,
comer,come,coma,coman,comed,
competir,compite,compita,compitan,competid,
componer,compón,componga,compongan,componed,
comprar,compra,compre,compren,comprad,
comprender,comprende,comprenda,comprendan,comprended,
comunicar,comunica,comunique,comuniquen,comunicad,
comunicarse,comunícate,comuníquese,comuníquense,comunicaos,
condenar,condena,condene,condenen,condenad,
conducir,conduce,conduzca,conduzcan,conducid,
confesar,confiesa,confiese,confiesen,confesad,
confiar,confía,confíe,confíen,confiad,
confirmar,confirma,confirme,confirmen,confirmad,
compartir,comparte,comparta,compartan,compartid,
confiscar,confisca,confisque,confisquen,confiscad,
conjugar,conjuga,conjugue,conjuguen,conjugad,
conocer,conoce,conozca,conozcan,conoced,
conquistar,conquista,conquiste,conquisten,conquistad,
conseguir,consigue,consiga,consigan,conseguid,
consentir,consiente,consienta,consientan,consentid,
conservar,conserva,conserve,conserven,conservad,
consistir,consiste,consista,consistan,consistid,
constituir,constituye,constituya,constituyan,constituid,
construir,construye,construya,construyan,construid,
consumir,consume,consuma,consuman,consumid,
contaminar,contamina,contamine,contaminen,contaminad,
contar,cuenta,cuente,cuenten,contad,
contener,contén,contenga,contengan,contened,
contestar,contesta,conteste,contesten,contestad,
continuar,continúa,continúe,continúen,continuad,
contribuir,contribuye,contribuya,contribuyan,contribuid,
controlar,controla,controle,controlen,controlad,
convencer,convence,convenza,convenzan,convenced,
convenir,convén,convenga,convengan,convenid,
conversar,conversa,converse,conversen,conversad,
convertir,convierte,convierta,conviertan,convertid,
convidar,convida,convide,conviden,convidad,
copiar,copia,copie,copien,copiad,
corregir,corrige,corrija,corrijan,corregid,
correr,corre,corra,corran,corred,
cortar,corta,corte,corten,cortad,
coser,cose,cosa,cosan,cosed,
costar,cuesta,cueste,cuesten,costad,
crear,crea,cree,creen,cread,
crecer,crece,crezca,crezcan,creced,
creer,cree,crea,crean,creed,
criar,cría,críe,críen,criad,
criarse,críate,críese,críense,criaos,
criticar,critica,critique,critiquen,criticad,
crucificar,crucifica,crucifique,crucifiquen,crucificad,
cruzar,cruza,cruce,crucen,cruzad,
cubrir,cubre,cubra,cubran,cubrid,
cuidar,cuida,cuide,cuiden,cuidad,
culpar,culpa,culpe,culpen,culpad,
cultivar,cultiva,cultive,cultiven,cultivad,
cumplir,cumple,cumpla,cumplan,cumplid,
curar,cura,cure,curen,curad,
dar,da,dé,den,dad,
deber,debe,deba,deban,debed,
decidir,decide,decida,decidan,decidid,
decidirse,decídete,decídase,decídanse,decidíos,
decir,di,diga,digan,decid,
declarar,declara,declare,declaren,declarad,
decorar,decora,decore,decoren,decorad,
dedicar,dedica,dedique,dediquen,dedicad,
dedicarse,dedícate,dedíquese,dedíquense,dedicaos,
defender,defiende,defienda,defiendan,defended,
dejar,deja,deje,dejen,dejad,
demostrar,demuestra,demuestre,demuestren,demostrad,
depender,depende,dependa,dependan,depended,
depositar,deposita,deposite,depositen,depositad,
deprimir,deprime,deprima,depriman,deprimid,
derretir,derrite,derrita,derritan,derretid,
desagradar,desagrada,desagrade,desagraden,desagradad,
desagradecer,desagradece,desagradezca,desagradezcan,desagradeced,
desaparecer,desaparece,desaparezca,desaparezcan,desapareced,
desayunar,desayuna,desayune,desayunen,desayunad,
descansar,descansa,descanse,descansen,descansad,
descender,desciende,descienda,desciendan,descended,
describir,describe,describa,describan,describid,
descubrir,descubre,descubra,descubran,descubrid,
desarrollar,desarrolla,desarrolle,desarrollen,desarrollad,
desarrollarse,desarróllate,desarróllese,desarróllense,desarrollaos,
desear,desea,desee,deseen,desead,
deshacer,deshaz,deshaga,deshagan,deshaced,
despedir,despide,despida,despidan,despedid,
despertar,despierta,despierte,despierten,despertad,
despertarse,despiértate,despiértese,despiértense,despertaos,
destruir,destruye,destruya,destruyan,destruid,
detener,detén,detenga,detengan,detened,
detenerse,detente,deténgase,deténganse,deteneos,
detestar,detesta,deteste,detesten,detestad,
devolver,devuelve,devuelva,devuelvan,devolved,
devorar,devora,devore,devoren,devorad,
dibujar,dibuja,dibuje,dibujen,dibujad,
dirigir,dirige,dirija,dirijan,dirigid,
diseñar,diseña,diseñe,diseñen,diseñad,
disfrutar,disfruta,disfrute,disfruten,disfrutad,
disgustar,disgusta,disguste,disgusten,disgustad,
disminuir,disminuye,disminuya,disminuyan,disminuid,
distinguir,distingue,distinga,distingan,distinguid,
distribuir,distribuye,distribuya,distribuyan,distribuid,
divertir,divierte,divierta,diviertan,divertid,
divertirse,diviértete,diviértase,diviértanse,divertíos,
divorciar,divorcia,divorcie,divorcien,divorciad,
divorciarse,divórciate,divórciese,divórciense,divorciaos,
doblar,dobla,doble,doblen,doblad,
doler,duele,duela,duelan,doled,
dormir,duerme,duerma,duerman,dormid,
dormirse,duérmete,duérmase,duérmanse,dormíos,
duchar,ducha,duche,duchen,duchad,
ducharse,dúchate,dúchese,dúchense,duchaos,
dudar,duda,dude,duden,dudad,
durar,dura,dure,duren,durad,
echar,echa,eche,echen,echad,
echarse,échate,échese,échense,echaos,
educar,educa,eduque,eduquen,educad,
efectuar,efectúa,efectúe,efectúen,efectuad,
ejercer,ejerce,ejerza,ejerzan,ejerced,
elegir,elige,elija,elijan,elegid,
eliminar,elimina,elimine,eliminen,eliminad,
emborrachar,emborracha,emborrache,emborrachen,emborrachad,
emborracharse,emborráchate,emborráchese,emborráchense,emborrachaos,
emigrar,emigra,emigre,emigren,emigrad,
empezar,empieza,empiece,empiecen,empezad,
emplear,emplea,emplee,empleen,emplead,
enamorar,enamora,enamore,enamoren,enamorad,
enamorarse,enamórate,enamórese,enamórense,enamoraos,
encantar,encanta,encante,encanten,encantad,
encender,enciende,encienda,enciendan,encended,
encontrar,encuentra,encuentre,encuentren,encontrad,
enfadar,enfada,enfade,enfaden,enfadad,
enfadarse,enfádate,enfádese,enfádense,enfadaos,
enfermar,enferma,enferme,enfermen,enfermad,
enfermarse,enférmate,enférmese,enférmense,enfermaos,
enflaquecer,enflaquece,enflaquezca,enflaquezcan,enflaqueced,
enflaquecerse,enflaquécete,enflaquézcase,enflaquézcanse,enflaqueceos,
engañar,engaña,engañe,engañen,engañad,
enojar,enoja,enoje,enojen,enojad,
enojarse,enójate,enójese,enójense,enojaos,
enriquecer,enriquece,enriquezca,enriquezcan,enriqueced,
enriquecerse,enriquécete,enriquézcase,enriquézcanse,enriqueceos,
enseñar,enseña,enseñe,enseñen,enseñad,
ensuciar,ensucia,ensucie,ensucien,ensuciad,
entender,entiende,entienda,entiendan,entended,
enterarse,entérate,entérese,entérense,enteraos,
entrar,entra,entre,entren,entrad,
entregar,entrega,entregue,entreguen,entregad,
entretener,entretén,entretenga,entretengan,entretened,
entrevistar,entrevista,entreviste,entrevisten,entrevistad,
entusiasmar,entusiasma,entusiasme,entusiasmen,entusiasmad,
entusiasmarse,entusiásmate,entusiásmese,entusiásmense,entusiasmaos,
envejecer,envejece,envejezca,envejezcan,envejeced,
envejecerse,envejécete,envejézcase,envejézcanse,envejeceos,
enviar,envía,envíe,envíen,enviad,
equivocar,equivoca,equivoque,equivoquen,equivocad,
equivocarse,equivócate,equivóquese,equivóquense,equivocaos,
errar,yerra,yerre,yerren,errad,
escoger,escoge,escoja,escojan,escoged,
esconder,esconde,esconda,escondan,esconded,
esconderse,escóndete,escóndase,escóndanse,escondeos,
escribir,escribe,escriba,escriban,escribid,
escuchar,escucha,escuche,escuchen,escuchad,
esquiar,esquía,esquíe,esquíen,esquiad,
establecer,establece,establezca,establezcan,estableced,
estar,está,esté,estén,estad,
estimar,estima,estime,estimen,estimad,
estudiar,estudia,estudie,estudien,estudiad,
evacuar,evacua,evacue,evacuen,evacuad,
evitar,evita,evite,eviten,evitad,
exhibir,exhibe,exhiba,exhiban,exhibid,
exigir,exige,exija,exijan,exigid,
explicar,explica,explique,expliquen,explicad,
explorar,explora,explore,exploren,explorad,
explotar,explota,explote,exploten,explotad,
exponer,expón,exponga,expongan,exponed,
exportar,exporta,exporte,exporten,exportad,
expresar,expresa,exprese,expresen,expresad,
extender,extiende,extienda,extiendan,extended,
extinguir,extingue,extinga,extingan,extinguid,
fabricar,fabrica,fabrique,fabriquen,fabricad,
faltar,falta,falte,falten,faltad,
fascinar,fascina,fascine,fascinen,fascinad,
felicitar,felicita,felicite,feliciten,felicitad,
fijar,fija,fije,fijen,fijad,
fingir,finge,finja,finjan,fingid,
firmar,firma,firme,firmen,firmad,
florecer,florece,florezca,florezcan,floreced,
formar,forma,forme,formen,formad,
fortalecer,fortalece,fortalezca,fortalezcan,fortaleced,
freír,fríe,fría,frían,freíd,
fumar,fuma,fume,fumen,fumad,
funcionar,funciona,funcione,funcionen,funcionad,
ganar,gana,gane,ganen,ganad,
gastar,gasta,gaste,gasten,gastad,
generalizar,generaliza,generalice,generalicen,generalizad,
glorificar,glorifica,glorifique,glorifiquen,glorificad,
gobernar,gobierna,gobierne,gobiernen,gobernad,
graduar,gradúa,gradúe,gradúen,graduad,
graduarse,gradúate,gradúese,gradúense,graduaos,
gritar,grita,grite,griten,gritad,
gruñir,gruñe,gruña,gruñan,gruñed,
guardar,guarda,guarde,guarden,guardad,
guiar,guía,guíe,guíen,guiad,
gustar,gusta,guste,gusten,gustad,
hablar,habla,hable,hablen,hablad,
hacer,haz,haga,hagan,haced,
hallar,halla,halle,hallen,hallad,
hallarse,hállate,hállese,hállense,hallaos,
helar,hiela,hiele,hielen,helad,
heredar,hereda,herede,hereden,heredad,
herir,hiere,hiera,hieran,herid,
hervir,hierve,hierva,hiervan,hervid,
huir,huye,huya,huyan,huid,
ilustrar,ilustra,ilustre,ilustren,ilustrad,
importar,importa,importe,importen,importad,
imprimir,imprime,imprima,impriman,imprimid,
incluir,incluye,incluya,incluyan,incluid,
indicar,indica,indique,indiquen,indicad,
inducir,induce,induzca,induzcan,inducid,
influir,influye,influya,influyan,influid,
informar,informa,informe,informen,informad,
iniciar,inicia,inicie,inicien,iniciad,
inmigrar,inmigra,inmigre,inmigren,inmigrad,
insistir,insiste,insista,insistan,insistid,
instalar,instala,instale,instalen,instalad,
insultar,insulta,insulte,insulten,insultad,
intentar,intenta,intente,intenten,intentad,
interesar,interesa,interese,interesen,interesad,
interpretar,interpreta,interprete,interpreten,interpretad,
introducir,introduce,introduzca,introduzcan,introducid,
invadir,invade,invada,invadan,invadid,
inventar,inventa,invente,inventen,inventad,
invertir,invierte,invierta,inviertan,invertid,
investigar,investiga,investigue,investiguen,investigad,
invitar,invita,invite,inviten,invitad,
invocar,invoca,invoque,invoquen,invocad,
ir,ve,vaya,vayan,id,
irse,vete,váyase,váyanse,idos,
jactarse,jáctate,jáctese,jáctense,jactaos,
jugar,juega,juegue,jueguen,jugad,
juntar,junta,junte,junten,juntad,
juntarse,júntate,júntese,júntense,juntaos,
jurar,jura,jure,juren,jurad,
ladrar,ladra,ladre,ladren,ladrad,
lamentar,lamenta,lamente,lamenten,lamentad,
lanzar,lanza,lance,lancen,lanzad,
lastimar,lastima,lastime,lastimen,lastimad,
lavar,lava,lave,laven,lavad,
lavarse,lávate,lávese,lávense,lavaos,
leer,lee,lea,lean,leed,
legalizar,legaliza,legalice,legalicen,legalizad,
levantar,levanta,levante,levanten,levantad,
levantarse,levántate,levántese,levántense,levantaos,
limpiar,limpia,limpie,limpien,limpiad,
llamar,llama,llame,llamen,llamad,
llamarse,llámate,llámese,llámense,llamaos,
llegar,llega,llegue,lleguen,llegad,
llenar,llena,llene,llenen,llenad,
llevar,lleva,lleve,lleven,llevad,
llorar,llora,llore,lloren,llorad,
llover,llueve,llueva,lluevan,lloved,
lograr,logra,logre,logren,lograd,
luchar,lucha,luche,luchen,luchad,
madurar,madura,madure,maduren,madurad,
mandar,manda,mande,manden,mandad,
manejar,maneja,maneje,manejen,manejad,
mantener,mantén,mantenga,mantengan,mantened,
maquillar,maquilla,maquille,maquillen,maquillad,
maquillarse,no te maquíllate,no te maquíllese,maquíllense,maquillaos,
marcar,marca,marque,marquen,marcad,
masticar,mastica,mastique,mastiquen,masticad,
matar,mata,mate,maten,matad,
matricular,matricula,matricule,matriculen,matriculad,
matricularse,matricúlate,matricúlese,matricúlense,matriculaos,
medir,mide,mida,midan,medid,
mentir,miente,mienta,mientan,mentid,
merecer,merece,merezca,merezcan,mereced,
merendar,merienda,meriende,merienden,merendad,
meter,mete,meta,metan,meted,
mezclar,mezcla,mezcle,mezclen,mezclad,
mirar,mira,mire,miren,mirad,
modificar,modifica,modifique,modifiquen,modificad,
molestar,molesta,moleste,molesten,molestad,
montar,monta,monte,monten,montad,
morir,muere,muera,mueran,morid,
mostrar,muestra,muestre,muestren,mostrad,
mover,mueve,mueva,muevan,moved,
moverse,muévete,muévase,muévanse,movíos,
mudar(se),muda,mude,muden,mudad,
mudarse,múdate,múdese,múdense,mudaos,
nacer,nace,nazca,nazcan,naced,
nadar,nada,nade,naden,nadad,
navegar,navega,navegue,naveguen,navegad,
necesitar,necesita,necesite,necesiten,necesitad,
negar,niega,niegue,nieguen,negad,
negarse,niégate,niéguese,niéguense,negaos,
negociar,negocia,negocie,negocien,negociad,
nevar,nieva,nieve,nieven,nevad,
notar,nota,note,noten,notad,
obedecer,obedece,obedezca,obedezcan,obedeced,
obligar,obliga,obligue,obliguen,obligad,
obtener,obtén,obtenga,obtengan,obtened,
ocurrir,ocurre,ocurra,ocurran,ocurrid,
odiar,odia,odie,odien,odiad,
ofender,ofende,ofenda,ofendan,ofended,
ofrecer,ofrece,ofrezca,ofrezcan,ofreced,
oír,oye,oiga,oigan,oíd,
oler,huele,huela,huelan,oled,
olvidar,olvida,olvide,olviden,olvidad,
olvidarse,olvídate,olvídese,olvídense,olvidaos,
oponer,opón,oponga,opongan,oponed,
oponerse,oponte,opóngase,opónganse,oponeos,
organizar,organiza,organice,organicen,organizad,
padecer,padece,padezca,padezcan,padeced,
pagar,paga,pague,paguen,pagad,
parar,para,pare,paren,parad,
parecer,parece,parezca,parezcan,pareced,
participar,participa,participe,participen,participad,
pasar,pasa,pase,pasen,pasad,
patinar,patina,patine,patinen,patinad,
pedir,pide,pida,pidan,pedid,
pegar,pega,pegue,peguen,pegad,
peinar,peina,peine,peinen,peinad,
peinarse,péinate,péinese,péinense,peinaos,
pelear,pelea,pelee,peleen,pelead,
pensar,piensa,piense,piensen,pensad,
perder,pierde,pierda,pierdan,perded,
perdonar,perdona,perdone,perdonen,perdonad,
permanecer,permanece,permanezca,permanezcan,permaneced,
permitir,permite,permita,permitan,permitid,
perseguir,persigue,persiga,persigan,perseguid,
pertenecer,pertenece,pertenezca,pertenezcan,perteneced,
pesar,pesa,pese,pesen,pesad,
pescar,pesca,pesque,pesquen,pescad,
picar,pica,pique,piquen,picad,
pintar,pinta,pinte,pinten,pintad,
platicar,platica,platique,platiquen,platicad,
planchar,plancha,planche,planchen,planchad,
plantar,planta,plante,planten,plantad,
poder,puede,pueda,puedan,poded,
poner,pon,ponga,pongan,poned,
ponerse,ponte,póngase,pónganse,poneos,
practicar,practica,practique,practiquen,practicad,
predecir,predice,prediga,predigan,predecid,
preferir,prefiere,prefiera,prefieran,preferid,
preguntar,pregunta,pregunte,pregunten,preguntad,
preguntarse,pregúntate,pregúntese,pregúntense,preguntaos,
preparar,prepara,prepare,preparen,preparad,
prepararse,prepárate,prepárese,prepárense,preparaos,
presentir,presiente,presienta,presientan,presentid,
preservar,preserva,preserve,preserven,preservad,
prever,prevé,prevea,prevean,preved,
probar,prueba,pruebe,prueben,probad,
producir,produce,produzca,produzcan,producid,
prohibir,prohíbe,prohíba,prohíban,prohibid,
prometer,promete,prometa,prometan,prometed,
proponer,propón,proponga,propongan,proponed,
proseguir,prosigue,prosiga,prosigan,proseguid,
proteger,protege,proteja,protejan,proteged,
protestar,protesta,proteste,protesten,protestad,
provocar,provoca,provoque,provoquen,provocad,
publicar,publica,publique,publiquen,publicad,
purificar,purifica,purifique,purifiquen,purificad,
quebrar,quiebra,quiebre,quiebren,quebrad,
quebrarse,quiébrate,quiébrese,quiébrense,quebraos,
quedar,queda,quede,queden,quedad,
quedarse,quédate,quédese,quédense,quedaos,
quejarse,quéjate,quéjese,quéjense,quejaos,
quemar,quema,queme,quemen,quemad,
quemarse,quémate,quémese,quémense,quemaos,
querer,quiere,quiera,quieran,quered,
realizar,realiza,realice,realicen,realizad,
rechazar,rechaza,rechace,rechacen,rechazad,
recibir,recibe,reciba,reciban,recibid,
reciclar,recicla,recicle,reciclen,reciclad,
recoger,recoge,recoja,recojan,recoged,
recomendar,recomienda,recomiende,recomienden,recomendad,
reconocer,reconoce,reconozca,reconozcan,reconoced,
recordar,recuerda,recuerde,recuerden,recordad,
reducir,reduce,reduzca,reduzcan,reducid,
regalar,regala,regale,regalen,regalad,
regar,riega,riegue,rieguen,regad,
regatear,regatea,regatee,regateen,regatead,
regir,rige,rija,rijan,regid,
registrar,registra,registre,registren,registrad,
registrarse,regístrate,regístrese,regístrense,registraos,
regresar,regresa,regrese,regresen,regresad,
regular,regula,regule,regulen,regulad,
rehusar,rehúsa,rehúse,rehúsen,rehusad,
reinar,reina,reine,reinen,reinad,
reír,ríe,ría,rían,reíd,
renacer,renace,renazca,renazcan,renaced,
renovar,renueva,renueve,renueven,renovad,
renunciar,renuncia,renuncie,renuncien,renunciad,
reñir,riñe,riña,riñan,reñid,
reparar,repara,repare,reparen,reparad,
repasar,repasa,repase,repasen,repasad,
repetir,repite,repita,repitan,repetid,
replicar,replica,replique,repliquen,replicad,
reportar,reporta,reporte,reporten,reportad,
requerir,requiere,requiera,requieran,requerid,
reservar,reserva,reserve,reserven,reservad,
resolver,resuelve,resuelva,resuelvan,resolved,
respetar,respeta,respete,respeten,respetad,
respirar,respira,respire,respiren,respirad,
responder,responde,responda,respondan,responded,
resultar,resulta,resulte,resulten,resultad,
revelar,revela,revele,revelen,revelad,
rezar,reza,rece,recen,rezad,
robar,roba,robe,roben,robad,
rogar,ruega,ruegue,rueguen,rogad,
romper,rompe,rompa,rompan,romped,
saber,sabe,sepa,sepan,sabed,
sacar,saca,saque,saquen,sacad,
sacrificar,sacrifica,sacrifique,sacrifiquen,sacrificad,
sacudir,sacude,sacuda,sacudan,sacudid,
salir,sal,salga,salgan,salid,
saltar,salta,salte,salten,saltad,
saludar,saluda,salude,saluden,saludad,
salvar,salva,salve,salven,salvad,
satisfacer,satisfaz,satisfaga,satisfagan,satisfaced,
satirizar,satiriza,satirice,satiricen,satirizad,
secar,seca,seque,sequen,secad,
secarse,equivócate,equivóquese,equivóquense,secaos,
seguir,sigue,siga,sigan,seguid,
sentar,sienta,siente,sienten,sentad,
sentarse,siéntate,siéntese,siéntense,sentaos,
sentir,siente,sienta,sientan,sentid,
sentirse,siéntete,siéntase,siéntanse,sentíos,
señalar,señala,señale,señalen,señalad,
ser,sé,sea,sean,sed,
servir,sirve,sirva,sirvan,servid,
significar,significa,signifique,signifiquen,significad,
simbolizar,simboliza,simbolice,simbolicen,simbolizad,
situar,sitúa,sitúe,sitúen,situad,
sobrevivir,sobrevive,sobreviva,sobrevivan,sobrevivid,
soler,suele,suela,suelan,soled,
sonar,suena,suene,suenen,sonad,
soñar,sueña,sueñe,sueñen,soñad,
sonreír,sonríe,sonría,sonrían,sonreíd,
soportar,soporta,soporte,soporten,soportad,
sorprender,sorprende,sorprenda,sorprendan,sorprended,
subir,sube,suba,suban,subid,
suceder,sucede,suceda,sucedan,suceded,
sufrir,sufre,sufra,sufran,sufrid,
sugerir,sugiere,sugiera,sugieran,sugerid,
suponer,supón,suponga,supongan,suponed,
surgir,surge,surja,surjan,surgid,
suspirar,suspira,suspire,suspiren,suspirad,
sustituir,sustituye,sustituya,sustituyan,sustituid,
tañer,tañe,taña,tañan,tañed,
tapar,tapa,tape,tapen,tapad,
tardar,tarda,tarde,tarden,tardad,
temer,teme,tema,teman,temed,
tener,ten,tenga,tengan,tened,
teñir,tiñe,tiña,tiñan,teñid,
terminar,termina,termine,terminen,terminad,
tirar,tira,tire,tiren,tirad,
tocar,toca,toque,toquen,tocad,
tomar,toma,tome,tomen,tomad,
torcer,tuerce,tuerza,tuerzan,torced,
toser,tose,tosa,tosan,tosed,
trabajar,trabaja,trabaje,trabajen,trabajad,
traducir,traduce,traduzca,traduzcan,traducid,
traer,trae,traiga,traigan,traed,
tragar,traga,trague,traguen,tragad,
tratar,trata,trate,traten,tratad,
triunfar,triunfa,triunfe,triunfen,triunfad,
tropezar,tropieza,tropiece,tropiecen,tropezad,
ubicar,ubica,ubique,ubiquen,ubicad,
unir,une,una,unan,unid,
untar,unta,unte,unten,untad,
usar,usa,use,usen,usad,
utilizar,utiliza,utilice,utilicen,utilizad,
vaciar,vacía,vacíe,vacíen,vaciad,
valer,vale,valga,valgan,valed,
variar,varía,varíe,varíen,variad,
violar,viola,viole,violen,violad,
vencer,vence,venza,venzan,venced,
vender,vende,venda,vendan,vended,
venir,ven,venga,vengan,venid,
ver,ve,vea,vean,ved,
verificar,verifica,verifique,verifiquen,verificad,
vestir,viste,vista,vistan,vestid,
vestirse,vístete,vístase,vístanse,vestíos,
viajar,viaja,viaje,viajen,viajad,
visitar,visita,visite,visiten,visitad,
vivir,vive,viva,vivan,vivid,
volar,vuela,vuele,vuelen,volad,
volver,vuelve,vuelva,vuelvan,volved,
vomit,vomita,vomite,vomiten,vomitad,
votar,vota,vote,voten,votad,
yacer,yace,yazca,yazcan,yaced,
zambullirse,zambúllete,zambúllase,zambúllanse,zambullíos,
besar,besa,bese,besen,besad,
bailar,baila,baile,bailen,bailad,
presentar,presenta,presente,presenten,presentad,
esperar,espera,espere,esperen,esperad,